Filename1,DeadPagePercentage Values
hm_0.txt,83.096939,47.400368,47.418671,64.180153,51.460339,58.889381,32.445705,66.594475,72.855247,56.619946
prn_1.txt,97.106819,100.000000,100.000000,82.878845,66.117615,54.804173,77.420387,70.789101,68.785080,64.659592
proj_3.txt,86.981453,100.000000,100.000000,100.000000,100.000000,99.882568,72.934967,0.094560,0.259277,0.413311
web_0.txt,100.000000,94.982231,75.814423,67.032700,65.350479,35.733894,24.568762,16.935349,7.676001,21.370180
prxy_1.txt,12.413264,19.481026,24.382307,30.267879,34.147385,56.747967,56.985985,56.989033,56.873123,56.687054
usr_1.txt,100.000000,100.000000,100.000000,100.000000,100.000000,97.247131,100.000000,99.844437,98.099686,95.734200
stg_0.txt,24.897474,13.977191,15.936220,23.825647,24.209980,14.534529,6.153916,5.743743,11.540690,15.236323
ts_0.txt,29.465549,30.456045,35.555996,29.400461,29.972395,26.357370,38.426342,28.262693
